office_location,Address
Hillside Primary Care Live Oak,"12881 I35, Live Oak, TX 78233"
Hillside Primary Care Schertz,"17766 Verde Pkwy Suite 200, Schertz, TX 78154"
Hillside Primary Care Cibolo,"232 Brite Rd #117, Cibolo, TX 78108"
Hillside Primary Care Universal City,"2009 Pat Booker Road, Universal City, TX 78148"
Hillside Primary Care Windcrest,"5253-2 Walzem Rd, Windcrest, TX 78218"
Hillside Primary Care Stone Oak,"26081 Bulverde Rd, San Antonio, TX 78261"
Hillside Primary Care Castle Hills,"1009,NW Loop 410, Castle Hills, TX 78216"
Hillside Primary Care Northwest San Antonio,"4926 Golden Quail Suite 104, San Antonio, TX 78240"
Hillside Primary Care Southside,"3710 Roosevelt Ave, San Antonio, TX 78214"
"Hillside Primary Care Culebra Rd, San Antonio","1923 Culebra Road, San Antonio, TX 78201"
"Hillside Primary Care Westover Hills, San Antonio","10423 State Hwy 151, Suite 105, San Antonio, TX 78251"
Hillside Primary Care Leon Valley,"6430 Bandera Road, Suite 98, San Antonio, TX 78238"
Hillside Primary Care Kerrville,"1414 Sidney Baker St, Kerrville, TX 78028"
Hillside Primary Care Seguin,"519 N King St # 101, Seguin, TX 78155"
Hillside Primary Care New Braunfels,"741 Generation Dr. Suite 210 New Braunfels, TX, 78130"
Hillside Primary Care Kyle,"1300 Dacy Ln #110, Kyle, TX 78640"
Hillside Primary Care Austin,"11671 Jollyville Rd Ste 102, Austin, TX 78759"
Hillside Primary Care Killeen,"2201 S W S Young Dr STE 111-B, Killeen, TX 76543"
Hllside Primary Care El Paso,"840 E Redd Rd, El Paso, TX,79912"